{
   "fun": "grezzo",
   "args": [
      10
   ],
   "n_threads": 8,
   "seq_iter": 2,
   "iter": 5,
   "mean": 0.0013774475999525748,
   "variance": 2.811841777543192e-09
}