{
   "fun": "grezzo",
   "args": [
      10
   ],
   "n_threads": 1,
   "seq_iter": 16,
   "iter": 5,
   "mean": 0.0004699799996160436,
   "variance": 1.5437170204900366e-09,
   "single_thread_time": 0.00022949999947741162
}