{
   "fun": "grezzo",
   "args": [
      10
   ],
   "n_threads": 8,
   "seq_iter": 2,
   "iter": 5,
   "mean": 0.0024735734004934784,
   "variance": 6.227318241866317e-07,
   "single_thread_time": 0.0009297850010625552
}