{
   "fun": "grezzo",
   "args": [
      10
   ],
   "n_threads": 2,
   "seq_iter": 8,
   "iter": 5,
   "mean": 0.0006996601998253027,
   "variance": 2.284035531320127e-09,
   "single_thread_time": 0.00021159999960218556
}