{
   "fun": "grezzo",
   "args": [
      10
   ],
   "n_threads": 4,
   "seq_iter": 4,
   "iter": 5,
   "mean": 0.0010625200004142244,
   "variance": 7.099469812013132e-10,
   "single_thread_time": 0.00023680000049353112
}