{
   "fun": "grezzo",
   "args": [
      10
   ],
   "n_threads": 4,
   "seq_iter": 4,
   "iter": 5,
   "mean": 0.0007239248021505773,
   "variance": 5.425076686704413e-09
}