{
   "fun": "grezzo",
   "args": [
      10
   ],
   "n_threads": 8,
   "seq_iter": 2,
   "iter": 5,
   "mean": 0.0018200000000433646,
   "variance": 6.6935455009e-08,
   "single_thread_time": 0.00019809999957942637
}