{
   "fun": "grezzo",
   "args": [
      10
   ],
   "n_threads": 1,
   "seq_iter": 16,
   "iter": 5,
   "mean": 0.000505919999704929,
   "variance": 1.0852476977568948e-08,
   "single_thread_time": 0.0001979000007850118
}