{
   "fun": "grezzo",
   "args": [
      10
   ],
   "n_threads": 2,
   "seq_iter": 8,
   "iter": 5,
   "mean": 0.0006704199993691872,
   "variance": 5.67983200612233e-09,
   "single_thread_time": 0.00022399999943445437
}