{
   "fun": "grezzo",
   "args": [
      10
   ],
   "n_threads": 2,
   "seq_iter": 8,
   "iter": 5,
   "mean": 0.0013455720007186755,
   "variance": 1.1012151836275604e-07,
   "single_thread_time": 0.0008169739994627889
}