{
   "fun": "grezzo",
   "args": [
      20
   ],
   "n_threads": 8,
   "seq_iter": 2,
   "iter": 5,
   "mean": 0.2946267803985393,
   "variance": 0.0006053841521924118,
   "single_thread_time": 0.3063876999949571
}