{
   "fun": "grezzo",
   "args": [
      10
   ],
   "n_threads": 8,
   "seq_iter": 2,
   "iter": 5,
   "mean": 0.0015352199996414128,
   "variance": 2.50786270901725e-08,
   "single_thread_time": 0.00020430000040505547
}