{
   "fun": "grezzo",
   "args": [
      10
   ],
   "n_threads": 1,
   "seq_iter": 16,
   "iter": 5,
   "mean": 0.0011196864004887174,
   "variance": 4.783987266047437e-09,
   "single_thread_time": 0.0007481530010409188
}