{
   "fun": "grezzo",
   "args": [
      10
   ],
   "n_threads": 4,
   "seq_iter": 4,
   "iter": 5,
   "mean": 0.0017483130002801772,
   "variance": 3.288341079521525e-07,
   "single_thread_time": 0.00042345399924670346
}