{
   "fun": "grezzo",
   "args": [
      10
   ],
   "n_threads": 4,
   "seq_iter": 4,
   "iter": 5,
   "mean": 0.0011405999999624327,
   "variance": 1.4511505060427624e-08,
   "single_thread_time": 0.00037739999970654026
}