{
   "fun": "just_wait",
   "args": [
      1
   ],
   "n_threads": 8,
   "seq_iter": 2,
   "iter": 5,
   "mean": 0.20202508300008049,
   "variance": 1.9032388687148752e-07,
   "single_thread_time": 1.6041319230007502
}