{
   "fun": "just_wait",
   "args": [
      1
   ],
   "n_threads": 8,
   "seq_iter": 2,
   "iter": 5,
   "mean": 0.20191609299945412,
   "variance": 2.3006341721046695e-07
}