{
   "fun": "just_wait",
   "args": [
      1
   ],
   "n_threads": 4,
   "seq_iter": 4,
   "iter": 5,
   "mean": 0.4017062017999706,
   "variance": 8.976918824891291e-08,
   "single_thread_time": 1.6039178060000268
}