{
   "fun": "just_wait",
   "args": [
      1
   ],
   "n_threads": 1,
   "seq_iter": 16,
   "iter": 5,
   "mean": 1.6039353654006845,
   "variance": 7.598204132150433e-06,
   "single_thread_time": 1.6025959430007788
}