{
   "fun": "just_wait",
   "args": [
      1
   ],
   "n_threads": 2,
   "seq_iter": 8,
   "iter": 5,
   "mean": 0.8016266220001853,
   "variance": 1.4784420246645939e-08,
   "single_thread_time": 1.6025206640006218
}