{
   "fun": "just_wait",
   "args": [
      1
   ],
   "n_threads": 1,
   "seq_iter": 16,
   "iter": 5,
   "mean": 1.604202449800141,
   "variance": 1.638846763569408e-08,
   "single_thread_time": 1.6038257090003754
}