{
   "fun": "just_wait",
   "args": [
      1
   ],
   "n_threads": 1,
   "seq_iter": 16,
   "iter": 5,
   "mean": 1.604170038799748,
   "variance": 3.5063571978256686e-07,
   "single_thread_time": 1.6046548229996915
}