{
   "fun": "just_wait",
   "args": [
      1
   ],
   "n_threads": 8,
   "seq_iter": 2,
   "iter": 5,
   "mean": 0.2195954184011498,
   "variance": 0.00019974552031210133,
   "single_thread_time": 1.607129932999669
}