{
   "fun": "just_wait",
   "args": [
      1
   ],
   "n_threads": 4,
   "seq_iter": 4,
   "iter": 5,
   "mean": 0.4017160032002721,
   "variance": 1.1376507133091231e-07
}