{
   "fun": "just_wait",
   "args": [
      1
   ],
   "n_threads": 4,
   "seq_iter": 4,
   "iter": 5,
   "mean": 0.40111881360062396,
   "variance": 9.594983799816079e-08,
   "single_thread_time": 1.602254945999448
}