{
   "fun": "just_wait",
   "args": [
      1
   ],
   "n_threads": 2,
   "seq_iter": 8,
   "iter": 5,
   "mean": 0.8020709512000395,
   "variance": 6.626833854742247e-09,
   "single_thread_time": 1.6037785230000736
}