{
   "fun": "fib_run_recursive",
   "args": [
      15
   ],
   "n_threads": 2,
   "seq_iter": 8,
   "iter": 5,
   "mean": 0.0027651000000332715,
   "variance": 9.154494499456233e-08,
   "single_thread_time": 0.0021563000000242027
}