{
   "fun": "fib_run",
   "args": [
      15
   ],
   "n_threads": 2,
   "seq_iter": 8,
   "iter": 5,
   "mean": 0.04968468079987361,
   "variance": 2.0539356689413277e-05,
   "single_thread_time": 0.06579240100018069
}