{
   "fun": "fib_run_recursive",
   "args": [
      15
   ],
   "n_threads": 2,
   "seq_iter": 8,
   "iter": 5,
   "mean": 0.002648179999596323,
   "variance": 2.403467171626994e-08,
   "single_thread_time": 0.002032899999903748
}