{
   "fun": "fib_run_recursive",
   "args": [
      15
   ],
   "n_threads": 1,
   "seq_iter": 16,
   "iter": 5,
   "mean": 0.0024469599999065394,
   "variance": 2.717341296329367e-08,
   "single_thread_time": 0.0022392999999283347
}