{
   "fun": "fib_run",
   "args": [
      15
   ],
   "n_threads": 8,
   "seq_iter": 2,
   "iter": 5,
   "mean": 0.09102720039991255,
   "variance": 9.882727763676936e-05,
   "single_thread_time": 0.07688550000057148
}