{
   "fun": "fib_run",
   "args": [
      15
   ],
   "n_threads": 8,
   "seq_iter": 2,
   "iter": 5,
   "mean": 0.08091892120010016,
   "variance": 2.3826990772627744e-05,
   "single_thread_time": 0.07665620099942316
}