{
   "fun": "fib_run_recursive",
   "args": [
      15
   ],
   "n_threads": 8,
   "seq_iter": 2,
   "iter": 5,
   "mean": 0.0037064402002215504,
   "variance": 1.710213694063534e-07,
   "single_thread_time": 0.00226820000079897
}