{
   "fun": "fib_run",
   "args": [
      15
   ],
   "n_threads": 1,
   "seq_iter": 16,
   "iter": 5,
   "mean": 0.037369320400284775,
   "variance": 3.6693454301762295e-05,
   "single_thread_time": 0.041056700999433815
}