{
   "fun": "fib_run_recursive",
   "args": [
      15
   ],
   "n_threads": 4,
   "seq_iter": 4,
   "iter": 5,
   "mean": 0.003116319999753614,
   "variance": 7.628915205545974e-08,
   "single_thread_time": 0.0021011999997426756
}