{
   "fun": "fib_run",
   "args": [
      15
   ],
   "n_threads": 4,
   "seq_iter": 4,
   "iter": 5,
   "mean": 0.06587282099990262,
   "variance": 4.073003936640312e-05,
   "single_thread_time": 0.06724990000020625
}